<?xml version="1.0" encoding="utf-8"?>
<!DOCTYPE hibernate-configuration SYSTEM 
 "http://www.hibernate.org/dtd/hibernate-configuration-3.0.dtd">
<hibernate-configuration>
    <session-factory>
        <property name="hibernate.dialect">org.hibernate.dialect.MySQL8Dialect</property>
        <property name="hibernate.connection.driver_class">com.mysql.cj.jdbc.Driver</property>
        <property name="hibernate.connection.url">jdbc:mysql://localhost:3306/onetomany</property>
        <property name="hibernate.connection.username">root</property>
        <property name="hibernate.connection.password">password123</property>
        <property name="hibernate.hbm2ddl.auto">update</property>
        

        <!-- Example of Mapping Files -->
        <!-- <mapping resource="com/example/model/Student.hbm.xml"/> -->
    </session-factory>
</hibernate-configuration>
